{"cameraMode":{"drawMode":0,"name":"Shaded","section":"Shading Mode"},"sceneLighting":false,"audioPlay":false,"sceneViewState":{"showFog":true,"showMaterialUpdate":false,"showSkybox":true,"showFlares":true,"showImageEffects":true,"showParticleSystems":true},"in2DMode":false,"pivot":{"x":2.4350318908691408,"y":1.5053253173828126,"z":1.7628748416900635},"rotation":{"x":0.183859184384346,"y":0.35224005579948428,"z":-0.07078253477811814,"w":0.9149443507194519},"size":1.0443203449249268,"orthographic":false}