{"cameraMode":{"drawMode":0,"name":"Shaded","section":"Shading Mode"},"sceneLighting":false,"audioPlay":false,"sceneViewState":{"showFog":true,"showMaterialUpdate":false,"showSkybox":false,"showFlares":true,"showImageEffects":true,"showParticleSystems":true},"in2DMode":false,"pivot":{"x":0.15581953525543214,"y":0.6600000858306885,"z":0.9202573299407959},"rotation":{"x":-0.14585992693901063,"y":0.3882099986076355,"z":-0.06237398087978363,"w":-0.9078163504600525},"size":1.947519063949585,"orthographic":false}